Metric,LSTM
MSE,7.174437596501509e+21
MAE,32242314921.5
RMSE,84702051902.54549
R-squared,0.6666106476419268
MSE Constraint,4.016421386599804e+22
MAE Constraint,94219730944.0
